<?xml version="1.0" encoding="UTF-8" standalone="yes"?>
<addon id="repository.zero0qrepo" name="Zero0QRepo" version="0.0.2" provider-name="Zero0Q">
    <extension point="xbmc.addon.repository" name="Zero0QRepo">
        <dir>
            <info compressed="false">https://raw.githubusercontent.com/Zero0Q/Zero0QRepo/master/addons.xml</info>
            <checksum>https://raw.githubusercontent.com/Zero0Q/Zero0QRepo/master/addons.xml.md5</checksum>
            <datadir zip="true">https://raw.githubusercontent.com/Zero0Q/Zero0QRepo/master/zips/</datadir>
        </dir>
    </extension>
    <extension point="xbmc.addon.metadata">
        <summary>Zero0QRepo</summary>
        <description>My first repo...</description>
        <disclaimer></disclaimer>
        <platform>all</platform>
        <assets>
            <icon>icon.jpg</icon>
        </assets>
    </extension>
</addon>