<?xml version="1.0" encoding="UTF-8"?>
<window type="dialog" id="1109">
    <zorder>100</zorder>
    <!-- <visible>!Window.IsVisible(startup)</visible>  -->
    <controls>
        <!-- Debug labels -->
          <control type="label">
            <left>15</left>
            <top>15</top>
            <height>20</height>
            <textcolor>ff00ffff</textcolor>
            <align>left</align>
            <label>TV: $INFO[Window(home).Property(tvshowcategory)]</label>
        </control>
        <control type="label">
            <left>15</left>
            <top>65</top>
            <height>20</height>
            <textcolor>ff00ffff</textcolor>
            <align>left</align>
            <label>Movie: $INFO[Window(home).Property(moviecategory)]</label>
        </control>
        <control type="label">
            <left>15</left>
            <top>115</top>
            <height>20</height>
            <textcolor>ff00ffff</textcolor>
            <align>left</align>
            <label>Num of Items: $INFO[Container(5).NumItems]</label>
        </control>
        <!-- Window/Dialog debug -->
        <control type="grouplist">
            <left>400</left>
            <top>15</top>
            <width>780</width>
            <height>450</height>
            <itemgap>12</itemgap>
            <control type="label">
                <width>780</width>
                <height>21</height>
                <textcolor>FF0000FF</textcolor>
                <shadowcolor>FF000000</shadowcolor>
                <align>left</align>
                <label>AddonBrowser.xml</label>
                <visible>Window.IsVisible(AddonBrowser.xml)</visible>
            </control>
            <control type="label">
                <width>780</width>
                <height>21</height>
                <textcolor>FF0000FF</textcolor>
                <shadowcolor>FF000000</shadowcolor>
                <align>left</align>
                <label>Custom_1101_Bounce_Up.xml</label>
                <visible>Window.IsVisible(Custom_1101_Bounce_Up.xml)</visible>
            </control>
            <control type="label">
                <width>780</width>
                <height>21</height>
                <textcolor>FF0000FF</textcolor>
                <shadowcolor>FF000000</shadowcolor>
                <align>left</align>
                <label>Custom_1102_Bounce_Down.xml</label>
                <visible>Window.IsVisible(Custom_1102_Bounce_Down.xml)</visible>
            </control>
            <control type="label">
                <width>780</width>
                <height>21</height>
                <textcolor>FF0000FF</textcolor>
                <shadowcolor>FF000000</shadowcolor>
                <align>left</align>
                <label>Custom_1104_Fade.xml</label>
                <visible>Window.IsVisible(Custom_1104_Fade.xml)</visible>
            </control>
            <control type="label">
                <width>780</width>
                <height>21</height>
                <textcolor>FF0000FF</textcolor>
                <shadowcolor>FF000000</shadowcolor>
                <align>left</align>
                <label>Custom_1105_Shutdown_Menu_Setup.xml</label>
                <visible>Window.IsVisible(Custom_1105_Shutdown_Menu_Setup.xml)</visible>
            </control>
            <control type="label">
                <width>780</width>
                <height>21</height>
                <textcolor>FF0000FF</textcolor>
                <shadowcolor>FF000000</shadowcolor>
                <align>left</align>
                <label>Custom_1106_Refresh.xml</label>
                <visible>Window.IsVisible(Custom_1106_Refresh.xml)</visible>
            </control>
            <control type="label">
                <width>780</width>
                <height>21</height>
                <textcolor>FF0000FF</textcolor>
                <shadowcolor>FF000000</shadowcolor>
                <align>left</align>
                <label>Custom_1107_Resume_Playback.xml</label>
                <visible>Window.IsVisible(Custom_1107_Resume_Playback.xml)</visible>
            </control>
            <control type="label">
                <width>780</width>
                <height>21</height>
                <textcolor>FF0000FF</textcolor>
                <shadowcolor>FF000000</shadowcolor>
                <align>left</align>
                <label>Custom_1108_Mainmenu_Setup.xml</label>
                <visible>Window.IsVisible(Custom_1108_Mainmenu_Setup.xml)</visible>
            </control>
            <!-- <control type="label">
                <width>780</width>
                <height>21</height>
                <textcolor>FF0000FF</textcolor>
                <shadowcolor>FF000000</shadowcolor>
                <align>left</align>
                <label>Custom_1109_Overlay_Debug.xml</label>
                <visible>Window.IsVisible(Custom_1109_Overlay_Debug.xml)</visible>
            </control> -->
            <control type="label">
                <width>780</width>
                <height>21</height>
                <textcolor>FF0000FF</textcolor>
                <shadowcolor>FF000000</shadowcolor>
                <align>left</align>
                <label>Custom_1110_Overlay_XRay_Image.xml</label>
                <visible>Window.IsVisible(Custom_1110_Overlay_XRay_Image.xml)</visible>
            </control>
            <control type="label">
                <width>780</width>
                <height>21</height>
                <textcolor>FF0000FF</textcolor>
                <shadowcolor>FF000000</shadowcolor>
                <align>left</align>
                <label>Custom_1111_Overlay_Play_Speed.xml</label>
                <visible>Window.IsVisible(Custom_1111_Overlay_Play_Speed.xml)</visible>
            </control>
            <control type="label">
                <width>780</width>
                <height>21</height>
                <textcolor>FF0000FF</textcolor>
                <shadowcolor>FF000000</shadowcolor>
                <align>left</align>
                <label>Custom_1112_My_Programs.xml</label>
                <visible>Window.IsVisible(Custom_1112_My_Programs.xml)</visible>
            </control>
            <control type="label">
                <width>780</width>
                <height>21</height>
                <textcolor>FF0000FF</textcolor>
                <shadowcolor>FF000000</shadowcolor>
                <align>left</align>
                <label>Custom_1113_Shutdown_Menu_Setup.xml</label>
                <visible>Window.IsVisible(Custom_1113_Shutdown_Menu_Setup.xml)</visible>
            </control>
            <control type="label">
                <width>780</width>
                <height>21</height>
                <textcolor>FF0000FF</textcolor>
                <shadowcolor>FF000000</shadowcolor>
                <align>left</align>
                <label>EventLog.xml</label>
                <visible>Window.IsVisible(EventLog.xml)</visible>
            </control>
            <control type="label">
                <width>780</width>
                <height>21</height>
                <textcolor>FF0000FF</textcolor>
                <shadowcolor>FF000000</shadowcolor>
                <align>left</align>
                <label>FileManager.xml</label>
                <visible>Window.IsVisible(FileManager.xml)</visible>
            </control>
            <control type="label">
                <width>780</width>
                <height>21</height>
                <textcolor>FF0000FF</textcolor>
                <shadowcolor>FF000000</shadowcolor>
                <!-- <font>font13</font> -->
                <align>left</align>
                <label>Home.xml</label>
                <visible>Window.IsVisible(Home.xml)</visible>
            </control>
            <control type="label">
                <width>780</width>
                <height>21</height>
                <textcolor>FF0000FF</textcolor>
                <shadowcolor>FF000000</shadowcolor>
                <align>left</align>
                <label>LoginScreen.xml</label>
                <visible>Window.IsVisible(LoginScreen.xml)</visible>
            </control>
            <control type="label">
                <width>780</width>
                <height>21</height>
                <textcolor>FF0000FF</textcolor>
                <shadowcolor>FF000000</shadowcolor>
                <align>left</align>
                <label>MyGames.xml</label>
                <visible>Window.IsVisible(MyGames.xml)</visible>
            </control>
            <control type="label">
                <width>780</width>
                <height>21</height>
                <textcolor>FF0000FF</textcolor>
                <shadowcolor>FF000000</shadowcolor>
                <align>left</align>
                <label>MyMusicNav.xml</label>
                <visible>Window.IsVisible(MyMusicNav.xml)</visible>
            </control>
            <control type="label">
                <width>780</width>
                <height>21</height>
                <textcolor>FF0000FF</textcolor>
                <shadowcolor>FF000000</shadowcolor>
                <align>left</align>
                <label>MyMusicPlaylistEditor.xml</label>
                <visible>Window.IsVisible(MyMusicPlaylistEditor.xml)</visible>
            </control>
            <control type="label">
                <width>780</width>
                <height>21</height>
                <textcolor>FF0000FF</textcolor>
                <shadowcolor>FF000000</shadowcolor>
                <align>left</align>
                <label>MyMusicSongs.xml</label>
                <visible>Window.IsVisible(MyMusicSongs.xml)</visible>
            </control>
            <control type="label">
                <width>780</width>
                <height>21</height>
                <textcolor>FF0000FF</textcolor>
                <shadowcolor>FF000000</shadowcolor>
                <align>left</align>
                <label>MyPics.xml</label>
                <visible>Window.IsVisible(MyPics.xml)</visible>
            </control>
            <control type="label">
                <width>780</width>
                <height>21</height>
                <textcolor>FF0000FF</textcolor>
                <shadowcolor>FF000000</shadowcolor>
                <align>left</align>
                <label>MyPlaylist.xml</label>
                <visible>Window.IsVisible(MyPlaylist.xml)</visible>
            </control>
            <control type="label">
                <width>780</width>
                <height>21</height>
                <textcolor>FF0000FF</textcolor>
                <shadowcolor>FF000000</shadowcolor>
                <align>left</align>
                <label>MyPrograms.xml</label>
                <visible>Window.IsVisible(MyPrograms.xml)</visible>
            </control>
            <control type="label">
                <width>780</width>
                <height>21</height>
                <textcolor>FF0000FF</textcolor>
                <shadowcolor>FF000000</shadowcolor>
                <align>left</align>
                <label>MyVideoNav.xml</label>
                <visible>Window.IsVisible(MyVideoNav.xml)</visible>
            </control>
            <control type="label">
                <width>780</width>
                <height>21</height>
                <textcolor>FF0000FF</textcolor>
                <shadowcolor>FF000000</shadowcolor>
                <align>left</align>
                <label>MyWeather.xml</label>
                <visible>Window.IsVisible(MyWeather.xml)</visible>
            </control>
            <control type="label">
                <width>780</width>
                <height>21</height>
                <textcolor>FF0000FF</textcolor>
                <shadowcolor>FF000000</shadowcolor>
                <align>left</align>
                <label>Settings.xml</label>
                <visible>Window.IsVisible(Settings.xml)</visible>
            </control>
            <control type="label">
                <width>780</width>
                <height>21</height>
                <textcolor>FF0000FF</textcolor>
                <shadowcolor>FF000000</shadowcolor>
                <align>left</align>
                <label>SettingsCategory.xml</label>
                <visible>Window.IsVisible(SettingsCategory.xml)</visible>
            </control>
            <control type="label">
                <width>780</width>
                <height>21</height>
                <textcolor>FF0000FF</textcolor>
                <shadowcolor>FF000000</shadowcolor>
                <align>left</align>
                <label>SettingsProfile.xml</label>
                <visible>Window.IsVisible(SettingsProfile.xml)</visible>
            </control>
            <control type="label">
                <width>780</width>
                <height>21</height>
                <textcolor>FF0000FF</textcolor>
                <shadowcolor>FF000000</shadowcolor>
                <align>left</align>
                <label>SkinSettings.xml</label>
                <visible>Window.IsVisible(SkinSettings.xml)</visible>
            </control>
            <control type="label">
                <width>780</width>
                <height>21</height>
                <textcolor>FF0000FF</textcolor>
                <shadowcolor>FF000000</shadowcolor>
                <align>left</align>
                <label>VideoFullScreen.xml</label>
                <visible>Window.IsVisible(VideoFullScreen.xml)</visible>
            </control>
            <!-- Dialog labels -->
            <control type="label">
                <width>780</width>
                <height>21</height>
                <textcolor>FFFF0000</textcolor>
                <shadowcolor>FF000000</shadowcolor>
                <align>left</align>
                <label>DialogAddonInfo.xml</label>
                <visible>Window.IsVisible(DialogAddonInfo.xml)</visible>
            </control>
            <control type="label">
                <width>780</width>
                <height>21</height>
                <textcolor>FFFF0000</textcolor>
                <shadowcolor>FF000000</shadowcolor>
                <align>left</align>
                <label>DialogAddonSettings.xml</label>
                <visible>Window.IsVisible(DialogAddonSettings.xml)</visible>
            </control>
            <control type="label">
                <width>780</width>
                <height>21</height>
                <textcolor>FFFF0000</textcolor>
                <shadowcolor>FF000000</shadowcolor>
                <align>left</align>
                <label>DialogBusy.xml</label>
                <visible>Window.IsVisible(DialogBusy.xml)</visible>
            </control>
            <control type="label">
                <width>780</width>
                <height>21</height>
                <textcolor>FFFF0000</textcolor>
                <shadowcolor>FF000000</shadowcolor>
                <align>left</align>
                <label>DialogButtonMenu.xml</label>
                <visible>Window.IsVisible(DialogButtonMenu.xml)</visible>
            </control>
            <control type="label">
                <width>780</width>
                <height>21</height>
                <textcolor>FFFF0000</textcolor>
                <shadowcolor>FF000000</shadowcolor>
                <align>left</align>
                <label>DialogConfirm.xml</label>
                <visible>Window.IsVisible(DialogConfirm.xml)</visible>
            </control>
            <control type="label">
                <width>780</width>
                <height>21</height>
                <textcolor>FFFF0000</textcolor>
                <shadowcolor>FF000000</shadowcolor>
                <align>left</align>
                <label>DialogContextMenu.xml</label>
                <visible>Window.IsVisible(DialogContextMenu.xml)</visible>
            </control>
            <control type="label">
                <width>780</width>
                <height>21</height>
                <textcolor>FFFF0000</textcolor>
                <shadowcolor>FF000000</shadowcolor>
                <align>left</align>
                <label>DialogExtendedProgressBar.xml</label>
                <visible>Window.IsVisible(DialogExtendedProgressBar.xml)</visible>
            </control>
            <control type="label">
                <width>780</width>
                <height>21</height>
                <textcolor>FFFF0000</textcolor>
                <shadowcolor>FF000000</shadowcolor>
                <align>left</align>
                <label>DialogFavourites.xml</label>
                <visible>Window.IsVisible(DialogFavourites.xml)</visible>
            </control>
            <control type="label">
                <width>780</width>
                <height>21</height>
                <textcolor>FFFF0000</textcolor>
                <shadowcolor>FF000000</shadowcolor>
                <align>left</align>
                <label>DialogFullScreenInfo.xml</label>
                <visible>Window.IsVisible(DialogFullScreenInfo.xml)</visible>
            </control>
            <control type="label">
                <width>780</width>
                <height>21</height>
                <textcolor>FFFF0000</textcolor>
                <shadowcolor>FF000000</shadowcolor>
                <align>left</align>
                <label>DialogKeyboard.xml</label>
                <visible>Window.IsVisible(DialogKeyboard.xml)</visible>
            </control>
            <control type="label">
                <width>780</width>
                <height>21</height>
                <textcolor>FFFF0000</textcolor>
                <shadowcolor>FF000000</shadowcolor>
                <align>left</align>
                <label>DialogMediaSource.xml</label>
                <visible>Window.IsVisible(DialogMediaSource.xml)</visible>
            </control>
            <control type="label">
                <width>780</width>
                <height>21</height>
                <textcolor>FFFF0000</textcolor>
                <shadowcolor>FF000000</shadowcolor>
                <align>left</align>
                <label>DialogMusicInfo.xml</label>
                <visible>Window.IsVisible(DialogMusicInfo.xml)</visible>
            </control>
            <control type="label">
                <width>780</width>
                <height>21</height>
                <textcolor>FFFF0000</textcolor>
                <shadowcolor>FF000000</shadowcolor>
                <align>left</align>
                <label>DialogNotification.xml</label>
                <visible>Window.IsVisible(DialogNotification.xml)</visible>
            </control>
            <control type="label">
                <width>780</width>
                <height>21</height>
                <textcolor>FFFF0000</textcolor>
                <shadowcolor>FF000000</shadowcolor>
                <align>left</align>
                <label>DialogNumeric.xml</label>
                <visible>Window.IsVisible(DialogNumeric.xml)</visible>
            </control>
            <control type="label">
                <width>780</width>
                <height>21</height>
                <textcolor>FFFF0000</textcolor>
                <shadowcolor>FF000000</shadowcolor>
                <align>left</align>
                <label>DialogPeripheralManager.xml</label>
                <visible>Window.IsVisible(DialogPeripheralManager.xml)</visible>
            </control>
            <control type="label">
                <width>780</width>
                <height>21</height>
                <textcolor>FFFF0000</textcolor>
                <shadowcolor>FF000000</shadowcolor>
                <align>left</align>
                <label>DialogPictureInfo.xml</label>
                <visible>Window.IsVisible(DialogPictureInfo.xml)</visible>
            </control>
            <control type="label">
                <width>780</width>
                <height>21</height>
                <textcolor>FF0000FF</textcolor>
                <shadowcolor>FF000000</shadowcolor>
                <align>left</align>
                <label>PlayerProcessInfo.xml</label>
                <visible>Window.IsVisible(DialogPlayerProcessInfo.xml)</visible>
            </control>
            <control type="label">
                <width>780</width>
                <height>21</height>
                <textcolor>FFFF0000</textcolor>
                <shadowcolor>FF000000</shadowcolor>
                <align>left</align>
                <label>DialogSeekbar.xml</label>
                <visible>Window.IsVisible(DialogSeekbar.xml)</visible>
            </control>
            <control type="label">
                <width>780</width>
                <height>21</height>
                <textcolor>FFFF0000</textcolor>
                <shadowcolor>FF000000</shadowcolor>
                <align>left</align>
                <label>DialogSelect.xml</label>
                <visible>Window.IsVisible(DialogSelect.xml)</visible>
            </control>
            <control type="label">
                <width>780</width>
                <height>21</height>
                <textcolor>FFFF0000</textcolor>
                <shadowcolor>FF000000</shadowcolor>
                <align>left</align>
                <label>DialogSettings.xml</label>
                <visible>Window.IsVisible(DialogSettings.xml)</visible>
            </control>
            <control type="label">
                <width>780</width>
                <height>21</height>
                <textcolor>FFFF0000</textcolor>
                <shadowcolor>FF000000</shadowcolor>
                <align>left</align>
                <label>DialogSlider.xml</label>
                <visible>Window.IsVisible(DialogSlider.xml)</visible>
            </control>
            <control type="label">
                <width>780</width>
                <height>21</height>
                <textcolor>FFFF0000</textcolor>
                <shadowcolor>FF000000</shadowcolor>
                <align>left</align>
                <label>DialogSubtitles.xml</label>
                <visible>Window.IsVisible(DialogSubtitles.xml)</visible>
            </control>
            <control type="label">
                <width>780</width>
                <height>21</height>
                <textcolor>FFFF0000</textcolor>
                <shadowcolor>FF000000</shadowcolor>
                <align>left</align>
                <label>DialogTextViewer.xml</label>
                <visible>Window.IsVisible(DialogTextViewer.xml)</visible>
            </control>
            <control type="label">
                <width>780</width>
                <height>21</height>
                <textcolor>FFFF0000</textcolor>
                <shadowcolor>FF000000</shadowcolor>
                <align>left</align>
                <label>DialogVideoInfo.xml</label>
                <visible>Window.IsVisible(DialogVideoInfo.xml)</visible>
            </control>
            <control type="label">
                <width>780</width>
                <height>21</height>
                <textcolor>FFFF0000</textcolor>
                <shadowcolor>FF000000</shadowcolor>
                <align>left</align>
                <label>DialogVolumeBar.xml</label>
                <visible>Window.IsVisible(DialogVolumeBar.xml)</visible>
            </control>
            <control type="label">
                <width>780</width>
                <height>21</height>
                <textcolor>FFFF0000</textcolor>
                <shadowcolor>FF000000</shadowcolor>
                <align>left</align>
                <label>FileBrowser.xml</label>
                <visible>Window.IsVisible(FileBrowser.xml)</visible>
            </control>
            <control type="label">
                <width>780</width>
                <height>21</height>
                <textcolor>FFFF0000</textcolor>
                <shadowcolor>FF000000</shadowcolor>
                <align>left</align>
                <label>GameOSD.xml</label>
                <visible>Window.IsVisible(GameOSD.xml)</visible>
            </control>
            <control type="label">
                <width>780</width>
                <height>21</height>
                <textcolor>FFFF0000</textcolor>
                <shadowcolor>FF000000</shadowcolor>
                <align>left</align>
                <label>MusicKaraokeLyrics.xml</label>
                <visible>Window.IsVisible(MusicKaraokeLyrics.xml)</visible>
            </control>
            <control type="label">
                <width>780</width>
                <height>21</height>
                <textcolor>FFFF0000</textcolor>
                <shadowcolor>FF000000</shadowcolor>
                <align>left</align>
                <label>MusicOSD.xml</label>
                <visible>Window.IsVisible(MusicOSD.xml)</visible>
            </control>
            <control type="label">
                <width>780</width>
                <height>21</height>
                <textcolor>FFFF0000</textcolor>
                <shadowcolor>FF000000</shadowcolor>
                <align>left</align>
                <label>MusicOverlay.xml</label>
                <visible>Window.IsVisible(MusicOverlay.xml)</visible>
            </control>
            <control type="label">
                <width>780</width>
                <height>21</height>
                <textcolor>FFFF0000</textcolor>
                <shadowcolor>FF000000</shadowcolor>
                <align>left</align>
                <label>MusicVisualisation.xml</label>
                <visible>Window.IsVisible(MusicVisualisation.xml)</visible>
            </control>
            <control type="label">
                <width>780</width>
                <height>21</height>
                <textcolor>FFFF0000</textcolor>
                <shadowcolor>FF000000</shadowcolor>
                <align>left</align>
                <label>PlayerControls.xml</label>
                <visible>Window.IsVisible(PlayerControls.xml)</visible>
            </control>
            <control type="label">
                <width>780</width>
                <height>21</height>
                <textcolor>FFFF0000</textcolor>
                <shadowcolor>FF000000</shadowcolor>
                <align>left</align>
                <label>SettingsScreenCalibration.xml</label>
                <visible>Window.IsVisible(SettingsScreenCalibration.xml)</visible>
            </control>
            <control type="label">
                <width>780</width>
                <height>21</height>
                <textcolor>FFFF0000</textcolor>
                <shadowcolor>FF000000</shadowcolor>
                <align>left</align>
                <label>SettingsSystemInfo.xml</label>
                <visible>Window.IsVisible(SettingsSystemInfo.xml)</visible>
            </control>
            <control type="label">
                <width>780</width>
                <height>21</height>
                <textcolor>FFFF0000</textcolor>
                <shadowcolor>FF000000</shadowcolor>
                <align>left</align>
                <label>SlideShow.xml</label>
                <visible>Window.IsVisible(SlideShow.xml)</visible>
            </control>
            <control type="label">
                <width>780</width>
                <height>21</height>
                <textcolor>FFFF0000</textcolor>
                <shadowcolor>FF000000</shadowcolor>
                <align>left</align>
                <label>SmartPlaylistEditor.xml</label>
                <visible>Window.IsVisible(SmartPlaylistEditor.xml)</visible>
            </control>
            <control type="label">
                <width>780</width>
                <height>21</height>
                <textcolor>FFFF0000</textcolor>
                <shadowcolor>FF000000</shadowcolor>
                <align>left</align>
                <label>SmartPlaylistRule.xml</label>
                <visible>Window.IsVisible(SmartPlaylistRule.xml)</visible>
            </control>
            <control type="label">
                <width>780</width>
                <height>21</height>
                <textcolor>FFFF0000</textcolor>
                <shadowcolor>FF000000</shadowcolor>
                <align>left</align>
                <label>VideoOSD.xml</label>
                <visible>Window.IsVisible(VideoOSD.xml)</visible>
            </control>
            <control type="label">
                <width>780</width>
                <height>21</height>
                <textcolor>FFFF0000</textcolor>
                <shadowcolor>FF000000</shadowcolor>
                <align>left</align>
                <label>VideoOSDBookmarks.xml</label>
                <visible>Window.IsVisible(VideoOSDBookmarks.xml)</visible>
            </control>
            <control type="label">
                <width>780</width>
                <height>21</height>
                <textcolor>FFFF0000</textcolor>
                <shadowcolor>FF000000</shadowcolor>
                <align>left</align>
                <label>VideoOverlay.xml</label>
                <visible>Window.IsVisible(VideoOverlay.xml)</visible>
            </control>
            <control type="label">
                <width>780</width>
                <height>21</height>
                <textcolor>FFFF0000</textcolor>
                <shadowcolor>FF000000</shadowcolor>
                <align>left</align>
                <label>VisualisationPresetList.xml</label>
                <visible>Window.IsVisible(VisualisationPresetList.xml)</visible>
            </control>
            <control type="label">
                <width>780</width>
                <height>21</height>
                <textcolor>FFFF0000</textcolor>
                <shadowcolor>FF000000</shadowcolor>
                <align>left</align>
                <label>script-script.extendedinfo-DialogInfo.xml</label>
                <visible>Window.IsVisible(script-script.extendedinfo-DialogInfo.xml)</visible>
            </control>
            <control type="label">
                <width>780</width>
                <height>21</height>
                <textcolor>FFFF0000</textcolor>
                <shadowcolor>FF000000</shadowcolor>
                <align>left</align>
                <label>script-script.extendedinfo-DialogVideoInfo.xml</label>
                <visible>Window.IsVisible(script-script.extendedinfo-DialogVideoInfo.xml)</visible>
            </control>
            <control type="label">
                <width>780</width>
                <height>21</height>
                <textcolor>FFFF0000</textcolor>
                <shadowcolor>FF000000</shadowcolor>
                <align>left</align>
                <label>script-globalsearch-contextmenu.xml</label>
                <visible>Window.IsVisible(script-globalsearch-contextmenu.xml)</visible>
            </control>
            <control type="label">
                <width>780</width>
                <height>21</height>
                <textcolor>FFFF0000</textcolor>
                <shadowcolor>FF000000</shadowcolor>
                <align>left</align>
                <label>script-globalsearch-infodialog.xml</label>
                <visible>Window.IsVisible(script-globalsearch-infodialog.xml)</visible>
            </control>
            <control type="label">
                <width>780</width>
                <height>21</height>
                <textcolor>FFFF0000</textcolor>
                <shadowcolor>FF000000</shadowcolor>
                <align>left</align>
                <label>script-globalsearch-main.xml</label>
                <visible>Window.IsVisible(script-globalsearch-main.xml)</visible>
            </control>
            <control type="label">
                <width>780</width>
                <height>21</height>
                <textcolor>FFFF0000</textcolor>
                <shadowcolor>FF000000</shadowcolor>
                <align>left</align>
                <label>script-globalsearch.xml</label>
                <visible>Window.IsVisible(script-globalsearch.xml)</visible>
            </control>
            <control type="label">
                <width>780</width>
                <height>21</height>
                <textcolor>FFFF0000</textcolor>
                <shadowcolor>FF000000</shadowcolor>
                <align>left</align>
                <label>script-upnext-upnext.xml</label>
                <visible>Window.IsVisible(script-upnext-upnext.xml)</visible>
            </control>
            <control type="label">
                <width>780</width>
                <height>21</height>
                <textcolor>FFFF0000</textcolor>
                <shadowcolor>FF000000</shadowcolor>
                <align>left</align>
                <label>script-upnext-upnext-simple.xml</label>
                <visible>Window.IsVisible(script-upnext-upnext-simple.xml)</visible>
            </control>
            <control type="label">
                <width>780</width>
                <height>21</height>
                <textcolor>FFFF0000</textcolor>
                <shadowcolor>FF000000</shadowcolor>
                <align>left</align>
                <label>script-upnext-stillwatching.xml</label>
                <visible>Window.IsVisible(script-upnext-stillwatching.xml)</visible>
            </control>
            <control type="label">
                <width>780</width>
                <height>21</height>
                <textcolor>FFFF0000</textcolor>
                <shadowcolor>FF000000</shadowcolor>
                <align>left</align>
                <label>script-upnext-stillwatching-simple.xml</label>
                <visible>Window.IsVisible(script-upnext-stillwatching-simple.xml)</visible>
            </control>
            <control type="label">
                <width>780</width>
                <height>21</height>
                <textcolor>FFFF0000</textcolor>
                <shadowcolor>FF000000</shadowcolor>
                <align>left</align>
                <label>script-trakt-ContextMenu.xml</label>
                <visible>Window.IsVisible(script-trakt-ContextMenu.xml)</visible>
            </control>
            <control type="label">
                <width>780</width>
                <height>21</height>
                <textcolor>FFFF0000</textcolor>
                <shadowcolor>FF000000</shadowcolor>
                <align>left</align>
                <label>script-trakt-DeviceAuthDialog.xml</label>
                <visible>Window.IsVisible(script-trakt-DeviceAuthDialog.xml)</visible>
            </control>
            <control type="label">
                <width>780</width>
                <height>21</height>
                <textcolor>FFFF0000</textcolor>
                <shadowcolor>FF000000</shadowcolor>
                <align>left</align>
                <label>script-trakt-RatingDialog.xml</label>
                <visible>Window.IsVisible(script-trakt-RatingDialog.xml)</visible>
            </control>
        </control>
        <!-- Controls debug -->
        <control type="grouplist">
            <right>15</right>
            <top>15</top>
            <width>1920</width>
            <height>450</height>
            <itemgap>12</itemgap>
            <!-- Control label -->
            <control type="label">
                <top>15</top>
                <height>21</height>
                <textcolor>FFFF0000</textcolor>
                <shadowcolor>FF000000</shadowcolor>
                <align>right</align>
                <label>$INFO[System.CurrentControl,[COLOR FF00FF00]Current control - [/COLOR]]$INFO[System.CurrentControlID, (ID=,)]</label>
            </control>
            <!-- Folder label -->
            <control type="label">
                <top>48</top>
                <height>21</height>
                <textcolor>FFFF0000</textcolor>
                <shadowcolor>FF000000</shadowcolor>
                <align>right</align>
                <label>$INFO[Container.FolderName,[COLOR FF00FF00]Folder name - [/COLOR]]</label>
            </control>
            <!-- Path label -->
            <control type="label">
                <top>48</top>
                <width>1920</width>
                <height>21</height>
                <textcolor>FFFF0000</textcolor>
                <shadowcolor>FF000000</shadowcolor>
                <align>right</align>
                <scroll>true</scroll>
                <label>$INFO[Container.FolderPath,[COLOR FF00FF00]Folder path - [/COLOR]]</label>
            </control>
            <!-- Content label -->
            <control type="label">
                <top>48</top>
                <height>21</height>
                <textcolor>FFFF0000</textcolor>
                <shadowcolor>FF000000</shadowcolor>
                <align>right</align>
                <label>$INFO[Container.Content,[COLOR FF00FF00]Content - [/COLOR]]</label>
                <visible>!Window.IsVisible(DialogMusicInfo.xml) + !Window.IsVisible(DialogVideoInfo.xml)</visible>
            </control>
            <!-- DBTYPE label -->
            <control type="label">
                <top>48</top>
                <height>21</height>
                <textcolor>FFFF0000</textcolor>
                <shadowcolor>FF000000</shadowcolor>
                <align>right</align>
                <label>$INFO[ListItem.DBTYPE,[COLOR FF00FF00]DBTYPE - [/COLOR]]</label>
            </control>
        </control>
    </controls>
</window>
