<!-- Custom_1100_PowerMenu.xml -->
<!-- TODO:- Nothing -->

<?xml version="1.0" encoding="UTF-8"?>
<window id="1100">
    <onload>SetFocus(9005,9)</onload>
    <onunload>SetFocus(9005,0)</onunload>
    <controls>
        <control type="group">
            <top>0</top>
            <left>0</left>

            <!-- Fake image for backgroung blur -->
            <control type="image" id="100000">
                <left>-3000</left>
                <top>-3000</top>
                <width>10</width>
                <height>10</height>
                <texture background="true">$VAR[BackgroundImage]</texture>
            </control>

            <!-- Include blurred background -->
            <include>BlurredBackground</include>



            <!-- Main view -->
            <control type="group">
                <left>-552</left>
                <right>0</right>
                <top>0</top>
                <bottom>0</bottom>

                <!-- Main Menu background -->
                <control type="image">
                    <left>0</left>
                    <top>0</top>
                    <width>728</width>
                    <height>2160</height>
                    <texture colordiffuse="a0202020">general/White.png</texture>
                </control>
                <control type="image">
                    <left>728</left>
                    <top>0</top>
                    <width>48</width>
                    <height>2160</height>
                    <texture colordiffuse="e0202020">masks/MenuPanelShadowRight.png</texture>
                </control>

                <animation type="WindowOpen" reversible="false">
                    <effect type="slide" start="0,0" end="776,0" time="200" delay="100"/>
                    <effect type="fade" start="0" end="100" time="100" delay="100"/>
                </animation>
                <animation type="WindowClose" reversible="false">
                    <effect type="slide" start="0,0" end="-776,0" time="200" />
                    <effect type="fade" start="100" end="0" time="100" />
                </animation>

                <control type="grouplist" id="9000">
                    <left>64</left>
                    <top>0</top>
                    <width>600</width>
                    <height min="60" max="2160">auto</height>
                    <usecontrolcoords>true</usecontrolcoords>
                    <itemgap>-4</itemgap>
                    <align>center</align>
                    <onback>9005</onback>
                    <onleft>9005</onleft>

                    <control type="button" id="1">
                        <description>Exit button</description>
                        <include>CategoryMenuButtonTemplate</include>
                        <label>13012</label>
                        <onclick>Quit()</onclick>
                        <visible>System.ShowExitButton</visible>
                    </control>
                    <control type="button" id="2">
                        <description>Shutdown button</description>
                        <include>CategoryMenuButtonTemplate</include>
                        <label>Power off</label>
                        <onclick>Powerdown()</onclick>
                        <visible>System.CanPowerDown</visible>
                    </control>
                    <control type="button" id="3">
                        <description>Suspend button</description>
                        <include>CategoryMenuButtonTemplate</include>
                        <label>13011</label>
                        <onclick>Suspend()</onclick>
                        <visible>System.CanSuspend</visible>
                    </control>
                    <control type="button" id="4">
                        <description>Hibernate button</description>
                        <include>CategoryMenuButtonTemplate</include>
                        <label>13010</label>
                        <onclick>Hibernate()</onclick>
                        <visible>System.CanHibernate</visible>
                    </control>
                    <control type="button" id="5">
                        <description>Reboot button</description>
                        <include>CategoryMenuButtonTemplate</include>
                        <label>13013</label>
                        <onclick>Reset()</onclick>
                        <visible>System.CanReboot</visible>
                    </control>
                    <control type="button" id="6">
                        <description>Reload skin button</description>
                        <include>CategoryMenuButtonTemplate</include>
                        <label>20183</label>
                        <onclick>ReloadSkin()</onclick>
                    </control>

                </control>

                <!-- Include system information -->
                <include>SystemInfo</include>

            </control>

            <!-- Include main menu -->
            <include>MainMenu</include>

        </control>
    </controls>
</window>