<?xml version="1.0" encoding="UTF-8"?>
<window>
    <onload>RunScript(script.amlogic.displayinfo)</onload>
    <!-- <depth>DepthOSD</depth> -->
    <defaultcontrol always="true">5550</defaultcontrol>
    <controls>
        <control type="group">
            <top>0</top>
            <left>0</left>
            <width>1920</width>
            <height>200</height>
            <animation effect="slide" start="0,-200" end="0,0" center="auto" time="300">WindowOpen</animation>
            <animation effect="slide" start="0,0" end="0,-200" center="auto" time="200">WindowClose</animation>

            <!-- Info box background -->
            <control type="group">
                <control type="image">
                    <left>0</left>
                    <top>0</top>
                    <width>1920</width>
                    <height>200</height>
                    <texture colordiffuse="ea141414">White.png</texture>
                </control>
                <control type="image">
                    <left>0</left>
                    <top>0</top>
                    <width>1920</width>
                    <height>200</height>
                    <aspectratio>scale</aspectratio>
                    <texture colordiffuse="fa707070">Noise.png</texture>
                </control>
            </control>

            <control type="group">
                <animation effect="slide" start="0,0" end="240,0" time="0" condition="!System.HasAddon(script.amlogic.displayinfo)">Conditional</animation>
                <control type="grouplist">
                    <visible>Player.HasVideo</visible>
                    <left>0</left>
                    <top>44</top>
                    <include content="PlayerProcessInfo">
                        <param name="label" value="Video Decoder:" />
                        <param name="value" value="$INFO[Player.Process(videodecoder)] $VAR[HWDecoder, (,)]" />
                    </include>
                    <include content="PlayerProcessInfo">
                        <param name="label" value="Audio Decoder:" />
                        <param name="value" value="$INFO[Player.Process(audiodecoder)]" />
                    </include>
                    <include content="PlayerProcessInfo">
                        <param name="label" value="Pixel Format:" />
                        <param name="value" value="[CAPITALIZE]$INFO[Player.Process(pixformat)][/CAPITALIZE]" />
                    </include>
                    <include content="PlayerProcessInfo">
                        <param name="label" value="Deinterlace Method:" />
                        <param name="value" value="[CAPITALIZE]$INFO[Player.Process(deintmethod)][/CAPITALIZE]" />
                    </include>
                </control>
                <control type="grouplist">
                    <visible>Player.HasVideo</visible>
                    <left>480</left>
                    <top>44</top>
                    <include content="PlayerProcessInfo">
                        <param name="label" value="Video Resolution:" />
                        <param name="value" value="$INFO[Player.Process(videowidth)]x$INFO[Player.Process(videoheight)]$INFO[Player.Process(videointerlace)]" />
                    </include>
                    <include content="PlayerProcessInfo">
                        <param name="label" value="Video Aspect Ratio:" />
                        <param name="value" value="$INFO[Player.Process(videodar)]" />
                    </include>
                    <include content="PlayerProcessInfo">
                        <param name="label" value="Video Frame Rate:" />
                        <param name="value" value="$INFO[Player.Process(videofps)] fps" />
                    </include>
                    <include content="PlayerProcessInfo">
                        <param name="label" value="Video Bitrate:" />
                        <param name="value" value="$VAR[VideoBitrate] " />
                    </include>
                </control>
                <control type="grouplist">
                    <visible>Player.HasVideo</visible>
                    <left>960</left>
                    <top>44</top>
                    <include content="PlayerProcessInfo">
                        <param name="label" value="Audio Channels:" />
                        <param name="value" value="$INFO[Player.Process(audiochannels)]" />
                    </include>
                    <include content="PlayerProcessInfo">
                        <param name="label" value="Audio Bits/Sample:" />
                        <param name="value" value="$INFO[Player.Process(audiobitspersample)] bits" />
                    </include>
                    <include content="PlayerProcessInfo">
                        <param name="label" value="Audio Sample Rate:" />
                        <param name="value" value="$INFO[Player.Process(audiosamplerate)] Hz" />
                    </include>
                    <include content="PlayerProcessInfo">
                        <param name="label" value="Audio Bitrate:" />
                        <param name="value" value="$VAR[AudioBitrate] " />
                    </include>
                </control>
                <control type="grouplist">
                    <visible>Player.HasVideo + System.HasAddon(script.amlogic.displayinfo)</visible>
                    <left>1440</left>
                    <top>44</top>
                    <include content="PlayerProcessInfo">
                        <param name="label" value="Display Mode:" />
                        <param name="value" value="$INFO[Window(10000).Property(amlogic.hdmitx.displaymode)]" />
                    </include>
                    <include content="PlayerProcessInfo">
                        <param name="label" value="Pixel Format:" />
                        <param name="value" value="$INFO[Window(10000).Property(amlogic.hdmitx.colourdepth)], $INFO[Window(10000).Property(amlogic.hdmitx.colourspace)]" />
                    </include>
                    <include content="PlayerProcessInfo">
                        <param name="label" value="Gamut:" />
                        <param name="value" value="$INFO[Window(10000).Property(amlogic.hdmitx.colourimetry)]" />
                    </include>
                    <include content="PlayerProcessInfo">
                        <param name="label" value="EOTF:" />
                        <param name="value" value="$INFO[Window(10000).Property(amlogic.hdmitx.eotf)] " />
                    </include>
                    <include content="PlayerProcessInfo">
                        <param name="label" value="" />
                        <param name="value" value="" />
                    </include>
                </control>
            </control>
        </control>
    </controls>
</window>  