<?xml version="1.0" encoding="UTF-8"?>
<window>
    <defaultcontrol always="true">9000</defaultcontrol>

    <controls>
        <control type="group">
            <control type="image" id="100000">
                <left>-3000</left>
                <top>-3000</top>
                <width>10</width>
                <height>10</height>
                <texture background="true">$VAR[BackgroundImage]</texture>
            </control>
            <include>BlurredBackground</include>

            <control type="Label" id="1">
                <visible>Integer.IsGreater(Container(6).NumAllItems,0)</visible>
                <top>64</top>
                <left>200</left>
                <width>1560</width>
                <height>32</height>
                <textcolor>TextBright</textcolor>
                <font>MenuHeader</font>
                <align>center</align>
            </control>

            <control type="group">
                <top>0</top>
                <left>0</left>
                <width>3840</width>
                <height>2160</height>

                <control type="group" id="9000">
                    <control type="panel" id="3">
                        <include content="CenterDialogSelect">
                            <param name="id" value="3" />
                        </include>
                        <left>1120</left>
                        <top>0</top>
                        <width>1600</width>
                        <height>2160</height>
                        <onup>3</onup>
                        <ondown>3</ondown>
                        <onleft>9001</onleft>
                        <onright>9001</onright>
                        <itemlayout height="160" width="1600">
                            <include content="DialogSelectItemTemplate">
                                <param name="ItemColor" value="MenuItemBackground" />
                                <param name="ItemTextColor" value="TextBright" />
                                <param name="ItemSecondaryTextColor" value="TextDim" />
                            </include>
                        </itemlayout>
                        <focusedlayout height="160" width="1600">
                            <include content="DialogSelectItemTemplate">
                                <param name="ItemColor" value="Primary" />
                                <param name="ItemTextColor" value="TextDark" />
                                <param name="ItemSecondaryTextColor" value="TextDark" />
                            </include>
                        </focusedlayout>
                    </control>
                    <control type="panel" id="6">
                        <include content="CenterDialogSelectImage">
                            <param name="id" value="6" />
                        </include>
                        <left>2100</left>
                        <top>0</top>
                        <width>1600</width>
                        <height>2160</height>
                        <onup>6</onup>
                        <ondown>6</ondown>
                        <onleft>9001</onleft>
                        <onright>9001</onright>
                        <itemlayout height="200" width="1600">
                            <include content="DialogSelectItemTemplateImage">
                                <param name="ItemColor" value="MenuItemBackground" />
                                <param name="ItemTextColor" value="TextBright" />
                                <param name="ItemSecondaryTextColor" value="TextDim" />
                            </include>
                        </itemlayout>
                        <focusedlayout height="200" width="1600">
                            <include content="DialogSelectItemTemplateImage">
                                <param name="ItemColor" value="Primary" />
                                <param name="ItemTextColor" value="TextDark" />
                                <param name="ItemSecondaryTextColor" value="TextDark" />
                            </include>
                        </focusedlayout>
                    </control>
                </control>

                <control type="image">
                    <top>300</top>
                    <left>200</left>
                    <width>1560</width>
                    <height>1560</height>
                    <aspectratio>keep</aspectratio>
                    <texture>$VAR[DialogSelectArtwork]</texture>
                </control>

                <control type="grouplist" id="9001">
                    <top>1800</top>
                    <left>200</left>
                    <width>1560</width>
                    <align>center</align>
                    <itemgap>64</itemgap>
                    <orientation>horiziontal</orientation>

                    <control type="button" id="5">
                        <onleft condition="Control.IsVisible(3)">3</onleft>
                        <onleft condition="Control.IsVisible(6)">6</onleft>
                        <onright condition="Control.IsVisible(3)">3</onright>
                        <onright condition="Control.IsVisible(6)">6</onright>
                        <include>DialogButtonDefaults</include>
                    </control>
                </control>
            </control>
        </control>
    </controls>
</window>