<includes>
    <include name="MainInfoView">
        <param name="ID" />
        <definition>
            <control type="group">

                <control type="group">
                    <left>340</left>

                    <include>BottomAlignedPlot</include>

                    <control type="group">
                        <visible>!Container.Content(episodes)</visible>
                        <control type="textbox" id="2000">
                            <!-- <left>220</left> -->
                            <right>300</right>
                            <top>640</top>
                            <height>250</height>
                            <align>left</align>
                            <aligny>center</aligny>
                            <font>LibraryMainTitleBig</font>
                            <textcolor>TextBright</textcolor>
                            <shadowcolor>ff000000</shadowcolor>
                            <scrollsuffix>•</scrollsuffix>
                            <label>$VAR[WidgetTitle]</label>
                            <visible>!Container(2000).HasNext</visible>
                        </control>
                        <control type="textbox" id="2001">
                            <!-- <left>220</left> -->
                            <right>300</right>
                            <top>660</top>
                            <height>250</height>
                            <align>left</align>
                            <aligny>center</aligny>
                            <font>LibraryMainTitleSmall</font>
                            <textcolor>TextBright</textcolor>
                            <shadowcolor>ff000000</shadowcolor>
                            <scrollsuffix>•</scrollsuffix>
                            <label>$VAR[WidgetTitle]</label>
                            <visible>Container(2000).HasNext</visible>
                        </control>
                    </control>
                    <control type="group">
                        <visible>Container.Content(episodes)</visible>
                        <control type="textbox" id="2002">
                            <!-- <left>220</left> -->
                            <right>300</right>
                            <top>640</top>
                            <height>250</height>
                            <align>left</align>
                            <aligny>center</aligny>
                            <font>LibraryMainTitleSmall</font>
                            <textcolor>TextBright</textcolor>
                            <shadowcolor>ff000000</shadowcolor>
                            <scrollsuffix>•</scrollsuffix>
                            <label>$VAR[WidgetTitle]</label>
                            <visible>!Container(2002).HasNext</visible>
                        </control>
                        <control type="textbox" id="2003">
                            <!-- <left>220</left> -->
                            <right>300</right>
                            <top>660</top>
                            <height>250</height>
                            <align>left</align>
                            <aligny>center</aligny>
                            <font>LibraryMainTitleExtraSmall</font>
                            <textcolor>TextBright</textcolor>
                            <shadowcolor>ff000000</shadowcolor>
                            <scrollsuffix>•</scrollsuffix>
                            <label>$VAR[WidgetTitle]</label>
                            <visible>Container(2002).HasNext</visible>
                        </control>
                    </control>
                </control>

                <!-- Information line -->
                <control type="grouplist">
                    <left>340</left>
                    <top>1200</top>
                    <height>120</height>
                    <width>2000</width>
                    <orientation>horizontal</orientation>
                    <usecontrolcoords>true</usecontrolcoords>
                    <!-- Show season count -->
                    <control type="image">
                        <visible>Container.Content(tvshows)</visible>
                        <left>0</left>
                        <top>54</top>
                        <width>60</width>
                        <height>60</height>
                        <aspectratio>keep</aspectratio>
                        <texture background="true">general/tvshow.png</texture>
                    </control>
                    <control type="button">
                        <visible>String.IsEqual(Container($PARAM[ID]).ListItem.dbtype,tvshow)</visible>
                        <left>30</left>
                        <width>auto</width>
                        <top>40</top>
                        <height>60</height>
                        <align>left</align>
                        <font>LibraryInfoLine</font>
                        <textcolor>TextDim</textcolor>
                        <scrollsuffix>•</scrollsuffix>
                        <label>$VAR[NumSeasons]</label>
                    </control>
                    <!-- Set info -->
                    <control type="image">
                        <visible>String.IsEqual(Container($PARAM[ID]).ListItem.dbtype,set)</visible>
                        <left>0</left>
                        <top>54</top>
                        <width>60</width>
                        <height>60</height>
                        <aspectratio>keep</aspectratio>
                        <texture background="true">general/movie.png</texture>
                    </control>
                    <control type="button">
                        <visible>String.IsEqual(Container($PARAM[ID]).ListItem.dbtype,set)</visible>
                        <left>30</left>
                        <width>auto</width>
                        <top>40</top>
                        <height>60</height>
                        <align>left</align>
                        <font>LibraryInfoLine</font>
                        <textcolor>TextDim</textcolor>
                        <scrollsuffix>•</scrollsuffix>
                        <label>$INFO[Container(5678).NumItems,, movies]</label>
                    </control>
                    <control type="button">
                        <visible>String.IsEqual(Container($PARAM[ID]).ListItem.dbtype,set)</visible>
                        <left>60</left>
                        <width>auto</width>
                        <top>40</top>
                        <height>60</height>
                        <align>left</align>
                        <font>LibraryInfoLine</font>
                        <textcolor>TextDim</textcolor>
                        <scrollsuffix>•</scrollsuffix>
                        <label>$INFO[Container(5678).ListItemAbsolute(0).Year,, - ]$INFO[Container(5678).ListItemAbsolute(1).Year]</label>
                    </control>
                    <!-- Movie / Episode duration -->
                    <control type="image">
                        <visible>!String.IsEmpty(Container($PARAM[ID]).ListItem.Duration(mins)) + [String.IsEqual(Container($PARAM[ID]).ListItem.dbtype,movie) | String.IsEqual(Container($PARAM[ID]).ListItem.dbtype,episode)]</visible>
                        <left>0</left>
                        <top>54</top>
                        <width>60</width>
                        <height>60</height>
                        <aspectratio>keep</aspectratio>
                        <texture background="true">general/clock.png</texture>
                    </control>
                    <control type="button">
                        <visible>!String.IsEmpty(Container($PARAM[ID]).ListItem.Duration(mins)) + [String.IsEqual(Container($PARAM[ID]).ListItem.dbtype,movie) | String.IsEqual(Container($PARAM[ID]).ListItem.dbtype,episode)]</visible>
                        <left>20</left>
                        <width>auto</width>
                        <top>40</top>
                        <height>60</height>
                        <align>left</align>
                        <font>LibraryInfoLine</font>
                        <textcolor>TextDim</textcolor>
                        <label>$INFO[Container($PARAM[ID]).ListItem.Duration(mins),,mins]</label>
                    </control>
                    <!-- Movie / Show rating -->
                    <control type="image">
                        <visible>!String.IsEmpty(Container($PARAM[ID]).ListItem.rating(themoviedb))</visible>
                        <left>50</left>
                        <top>56</top>
                        <width>139</width>
                        <height>56</height>
                        <texture background="true">general/tmdb.png</texture>
                    </control>
                    <control type="button">
                        <visible>!String.IsEmpty(Container($PARAM[ID]).ListItem.rating(themoviedb))</visible>
                        <left>20</left>
                        <width>auto</width>
                        <top>40</top>
                        <height>60</height>
                        <align>left</align>
                        <font>LibraryInfoLine</font>
                        <textcolor>TextDim</textcolor>
                        <label>$INFO[Container($PARAM[ID]).ListItem.rating(themoviedb)]</label>
                    </control>
                    <!-- Season number of episodes -->
                    <control type="image">
                        <visible>Container.Content(seasons)</visible>
                        <left>0</left>
                        <top>54</top>
                        <width>60</width>
                        <height>60</height>
                        <aspectratio>keep</aspectratio>
                        <texture background="true">general/tvshow.png</texture>
                    </control>
                    <control type="button">
                        <visible>Container.Content(seasons)</visible>
                        <left>30</left>
                        <width>auto</width>
                        <top>40</top>
                        <height>60</height>
                        <align>left</align>
                        <font>LibraryInfoLine</font>
                        <textcolor>TextDim</textcolor>
                        <scrollsuffix>•</scrollsuffix>
                        <label>$INFO[Container($PARAM[ID]).ListItem.Episode,, episodes]</label>
                    </control>
                    <!-- MPAA rating -->
                    <control type="button">
                        <visible>String.IsEqual(Container($PARAM[ID]).ListItem.dbtype,movie) | String.IsEqual(Container($PARAM[ID]).ListItem.dbtype,tvshow) | String.IsEqual(Container($PARAM[ID]).ListItem.dbtype,episode)</visible>
                        <left>50</left>
                        <width>auto</width>
                        <top>56</top>
                        <height>56</height>
                        <align>left</align>
                        <aligny>top</aligny>
                        <textoffsetx>16</textoffsetx>
                        <textoffsety>-5</textoffsety>
                        <font>LibraryInfoIcon</font>
                        <textcolor>TextBright</textcolor>
                        <texturenofocus border="8" colordiffuse="InfoIconBackground">masks/Border32x32r8b2.png</texturenofocus>
                        <label>$VAR[MPAARating]</label>
                    </control>
                    <!-- Resolution -->
                    <control type="button">
                        <visible>!String.IsEmpty(Container($PARAM[ID]).ListItem.VideoResolution)</visible>
                        <left>50</left>
                        <width>auto</width>
                        <top>56</top>
                        <height>56</height>
                        <align>left</align>
                        <aligny>top</aligny>
                        <textoffsetx>16</textoffsetx>
                        <textoffsety>-5</textoffsety>
                        <font>LibraryInfoIcon</font>
                        <textcolor>TextBright</textcolor>
                        <texturenofocus border="8" colordiffuse="InfoIconBackground">masks/Border32x32r8b2.png</texturenofocus>
                        <label>$INFO[Container($PARAM[ID]).ListItem.VideoResolution]</label>
                    </control>
                    <!-- Resolution -->
                    <control type="button">
                        <visible>String.Contains(Container($PARAM[ID]).ListItem.FolderName,".hdr")</visible>
                        <left>50</left>
                        <width>auto</width>
                        <top>56</top>
                        <height>56</height>
                        <align>left</align>
                        <aligny>top</aligny>
                        <textoffsetx>16</textoffsetx>
                        <textoffsety>-5</textoffsety>
                        <font>LibraryInfoIcon</font>
                        <textcolor>TextBright</textcolor>
                        <texturenofocus border="8" colordiffuse="InfoIconBackground">masks/Border32x32r8b2.png</texturenofocus>
                        <label>HDR</label>
                    </control>
                    <!-- Year -->
                    <control type="button">
                        <visible>!String.IsEmpty(Container($PARAM[ID]).ListItem.year) + !String.IsEqual(Container($PARAM[ID]).ListItem.dbtype,set) + !Container.Content(episodes)</visible>
                        <left>50</left>
                        <width>auto</width>
                        <top>56</top>
                        <height>56</height>
                        <align>left</align>
                        <aligny>top</aligny>
                        <textoffsetx>16</textoffsetx>
                        <textoffsety>-5</textoffsety>
                        <font>LibraryInfoIcon</font>
                        <textcolor>TextBright</textcolor>
                        <texturenofocus border="8" colordiffuse="InfoIconBackground">masks/Border32x32r8b2.png</texturenofocus>
                        <label>$INFO[Container($PARAM[ID]).ListItem.year]</label>
                    </control>
                    <!-- Episode date -->
                    <control type="button">
                        <visible>Container.Content(episodes)</visible>
                        <left>50</left>
                        <width>auto</width>
                        <top>56</top>
                        <height>56</height>
                        <align>left</align>
                        <aligny>top</aligny>
                        <textoffsetx>16</textoffsetx>
                        <textoffsety>-5</textoffsety>
                        <font>LibraryInfoIcon</font>
                        <textcolor>TextBright</textcolor>
                        <texturenofocus border="8" colordiffuse="InfoIconBackground">masks/Border32x32r8b2.png</texturenofocus>
                        <label>$INFO[Container($PARAM[ID]).ListItem.Premiered]</label>
                    </control>

                </control>
            </control>
        </definition>
    </include>

    <!-- Bottom aligned plot textbox -->
    <include name="BottomAlignedPlot">
        <control type="group">
            <control type="textbox" id="2010">
                <left>0</left>
                <width>1400</width>
                <bottom>960</bottom>
                <height>80</height>
                <align>left</align>
                <aligny>top</aligny>
                <font>EpisodePlot</font>
                <textcolor>TextPlot</textcolor>
                <shadowcolor>ff000000</shadowcolor>
                <label>$VAR[Plot]</label>
                <visible>!Container(2010).HasNext</visible>
            </control>
            <control type="textbox" id="2011">
                <left>0</left>
                <width>1400</width>
                <bottom>960</bottom>
                <height>154</height>
                <align>left</align>
                <aligny>top</aligny>
                <font>EpisodePlot</font>
                <textcolor>TextPlot</textcolor>
                <shadowcolor>ff000000</shadowcolor>
                <label>$VAR[Plot]</label>
                <visible>Container(2010).HasNext + !Container(2011).HasNext</visible>
            </control>
            <control type="textbox" id="2012">
                <left>0</left>
                <width>1400</width>
                <bottom>960</bottom>
                <height>228</height>
                <align>left</align>
                <aligny>top</aligny>
                <font>EpisodePlot</font>
                <textcolor>TextPlot</textcolor>
                <shadowcolor>ff000000</shadowcolor>
                <label>$VAR[Plot]</label>
                <visible>Container(2011).HasNext + !Container(2012).HasNext</visible>
            </control>
            <control type="textbox" id="2013">
                <left>0</left>
                <width>1400</width>
                <bottom>960</bottom>
                <height>298</height>
                <align>left</align>
                <aligny>top</aligny>
                <font>EpisodePlot</font>
                <textcolor>TextPlot</textcolor>
                <shadowcolor>ff000000</shadowcolor>
                <label>$VAR[Plot]</label>
                <visible>Container(2012).HasNext</visible>
            </control>
        </control>
    </include>
</includes>