<?xml version="1.0" encoding="UTF-8"?>
<window>
    <onload>back</onload>
    <defaultcontrol />
    <controls>
        <!-- <control type="image" id="100000">
            <left>-3000</left>
            <top>-3000</top>
            <width>10</width>
            <height>10</height>
            <texture background="true">$INFO[Player.Art(thumb)]</texture>
        </control>
        <control type="group">
            <control type="image">
                <width>3840</width>
                <height>2160</height>
                <fadetime>400</fadetime>
                <colordiffuse>$INFO[Window(home).Property(listitem_color)]</colordiffuse>
                <texture background="true" colordiffuse="70ffffff">$INFO[Window(home).Property(listitem_blurred)]</texture>
            </control>
            <control type="image">
                <description>Cover image</description>
                <left>1220</left>
                <top>280</top>
                <width>1400</width>
                <height>1400</height>
                <fadetime>500</fadetime>
                <aspectratio align="center" aligny="center">scale</aspectratio>
                <texture fallback="DefaultAlbumCover.png">$INFO[Player.Art(thumb)]</texture>
            </control>

        </control> -->

    </controls>
</window>