<?xml version="1.0" encoding="UTF-8"?>
<includes>

    <include name="View_510_EpisodeWallBasic">
        <control type="group">
            <visible>Control.IsVisible(510)</visible>

            <control type="panel" id="510">
                <visible>Container.Content(episodes)</visible>
                <left>296</left>
                <width>3472</width>
                <top>0</top>
                <bottom>0</bottom>
                <onleft>9005</onleft>
                <onright>9050</onright>
                <onup>510</onup>
                <ondown>510</ondown>
                <onback condition="$EXP[contentIsTVShows] + String.IsEqual(Container.Content,Window(home).Property(tvshowcategory))">9005</onback>

                <pagecontrol>60</pagecontrol>
                <preloaditems>2</preloaditems>
                <viewtype label="Episode Wall">icon</viewtype>

                <!-- Episode Basic -->
                <itemlayout width="1156" height="732">
                    <control type="group">
                        <top>72</top>
                        <include content="EpisodeWallLayout">
                            <param name="Focused" value="false" />
                        </include>
                    </control>
                </itemlayout>
                <focusedlayout width="1156" height="732">
                    <control type="group">
                        <top>72</top>
                        <include content="EpisodeWallLayout">
                            <param name="Focused" value="true" />
                        </include>
                    </control>
                </focusedlayout>
            </control>

        </control>
    </include>
</includes>