<?xml version="1.0" encoding="UTF-8" standalone="yes"?>
<addon id="repository.zero0q-matrix" name="zero0q's matrix test repository" version="0.0.1" provider-name="zero0q">
    <extension point="xbmc.addon.repository" name="zero0q's matrix test repository">
        <dir>
            <info compressed="false">https://raw.githubusercontent.com/zero0q/repository.zero0q-matrix/main/addons.xml</info>
            <checksum>https://raw.githubusercontent.com/zero0q/repository.zero0q-matrix/main/addons.xml.md5</checksum>
            <datadir zip="true">https://raw.githubusercontent.com/zero0q/repository.zero0q-matrix/main/</datadir>
        </dir>
    </extension>
    <extension point="xbmc.addon.metadata">
        <summary>zero0q's matrix test repository</summary>
        <description>My first repo...</description>
        <disclaimer></disclaimer>
        <platform>all</platform>
        <assets>
            <icon>icon.png</icon>
            <icon>fanart.png</icon>
        </assets>
    </extension>
</addon>