<?xml version="1.0" encoding="UTF-8" standalone="yes"?>
<addon id="repository.roidy-matrix" name="roidy's matrix test repository" version="0.0.1" provider-name="roidy">
    <requires>
        <import addon="xbmc.addon" version="12.0.0" />
    </requires>
    <extension point="xbmc.addon.repository" name="roidy's matrix test repository">
        <dir>
            <info compressed="false">https://raw.githubusercontent.com/roidy/repository.roidy-matrix/master/addons.xml</info>
            <checksum>https://raw.githubusercontent.com/roidy/repository.roidy-matrix/master/addons.xml.md5</checksum>
            <datadir zip="true">https://raw.githubusercontent.com/roidy/repository.roidy-matrix/master/</datadir>
        </dir>
    </extension>
    <extension point="xbmc.addon.metadata">
        <summary>roidy's matrix test repository</summary>
        <description>Just some stuff....</description>
        <disclaimer></disclaimer>
        <platform>all</platform>
        <assets>
            <icon>icon.png</icon>
        </assets>
    </extension>
</addon>