<?xml version="1.0" encoding="UTF-8" standalone="yes"?>
<addon id="repository.zero0qrepo" name="Zero0Q Repository" version="0.0.4" provider-name="Zero0Q">
    <extension point="xbmc.addon.repository" name="Zero0Q Repository">
        <dir>
            <info compressed="false">https://raw.githubusercontent.com/Zero0Q/Zero0QRepo/master/addons.xml</info>
            <checksum>https://raw.githubusercontent.com/Zero0Q/Zero0QRepo/master/addons.xml.md5</checksum>
            <datadir zip="true">https://raw.githubusercontent.com/Zero0Q/Zero0QRepo/master</datadir>
            <hashes>false</hashes>
        </dir>
    </extension>
    <extension point="xbmc.addon.metadata">
        <summary>Zero0Q Repository</summary>
        <description>Repository for GTV Skin and Helper addons</description>
        <platform>all</platform>
        <assets>
            <icon>icon.png</icon>
        </assets>
    </extension>
</addon>