<?xml version="1.0" encoding="UTF-8" standalone="yes"?>
<addon id="repository.zero0qrepo" name="Zero0QRepo" version="0.0.4" provider-name="Zero0Q">
    <extension point="xbmc.addon.repository" name="Zero0QRepo">
        <dir>
            <info compressed="false">https://raw.githubusercontent.com/Zero0Q/Zero0QRepo-1/master/addons.xml</info>
            <checksum>https://raw.githubusercontent.com/Zero0Q/Zero0QRepo-1/master/addons.xml.md5</checksum>
            <datadir zip="true">https://raw.githubusercontent.com/Zero0Q/Zero0QRepo-1/master/</datadir>
        </dir>
    </extension>
    <extension point="xbmc.addon.metadata">
        <summary lang="en_GB">Zero0QRepo - Kodi Add-ons</summary>
        <description lang="en_GB">Repository featuring GTV skin and helper addons for a Google TV-like experience in Kodi.</description>
        <disclaimer lang="en_GB">The repository and its addons are not affiliated with Google or Android TV.</disclaimer>
        <platform>all</platform>
        <license>GPL-2.0-or-later</license>
        <website>https://github.com/Zero0Q/Zero0QRepo-1</website>
        <source>https://github.com/Zero0Q/Zero0QRepo-1</source>
        <assets>
            <icon>icon.jpg</icon>
            <fanart>fanart.jpg</fanart>
        </assets>
    </extension>
</addon>